area_id,area_name,year,var,value
MOZ_3_0301,Xai-Xai,2017,programme_births,5278
MOZ_3_0301,Xai-Xai,2018,programme_births,5748
MOZ_3_0301,Xai-Xai,2019,programme_births,6489
MOZ_3_0301,Xai-Xai,2020,programme_births,6690
MOZ_3_0301,Xai-Xai,2021,programme_births,7046
MOZ_3_0302,Bilene,2017,programme_births,4589
MOZ_3_0302,Bilene,2018,programme_births,5379
MOZ_3_0302,Bilene,2019,programme_births,5810
MOZ_3_0302,Bilene,2020,programme_births,6216
MOZ_3_0302,Bilene,2021,programme_births,5992
MOZ_3_0303,Chibuto,2017,programme_births,8550
MOZ_3_0303,Chibuto,2018,programme_births,9527
MOZ_3_0303,Chibuto,2019,programme_births,9507
MOZ_3_0303,Chibuto,2020,programme_births,9773
MOZ_3_0303,Chibuto,2021,programme_births,9778
MOZ_3_0304,Chicualacuala,2017,programme_births,871
MOZ_3_0304,Chicualacuala,2018,programme_births,1111
MOZ_3_0304,Chicualacuala,2019,programme_births,1153
MOZ_3_0304,Chicualacuala,2020,programme_births,1198
MOZ_3_0304,Chicualacuala,2021,programme_births,1193
MOZ_3_0305,Chigubo,2017,programme_births,848
MOZ_3_0305,Chigubo,2018,programme_births,932
MOZ_3_0305,Chigubo,2019,programme_births,943
MOZ_3_0305,Chigubo,2020,programme_births,941
MOZ_3_0305,Chigubo,2021,programme_births,979
MOZ_3_0306,Chókwé,2017,programme_births,7083
MOZ_3_0306,Chókwé,2018,programme_births,9994
MOZ_3_0306,Chókwé,2019,programme_births,9584
MOZ_3_0306,Chókwé,2020,programme_births,9087
MOZ_3_0306,Chókwé,2021,programme_births,6069
MOZ_3_0307,Guijá,2017,programme_births,4224
MOZ_3_0307,Guijá,2018,programme_births,4223
MOZ_3_0307,Guijá,2019,programme_births,4140
MOZ_3_0307,Guijá,2020,programme_births,3800
MOZ_3_0307,Guijá,2021,programme_births,2863
MOZ_3_0308,Mabalane,2017,programme_births,1419
MOZ_3_0308,Mabalane,2018,programme_births,1630
MOZ_3_0308,Mabalane,2019,programme_births,1732
MOZ_3_0308,Mabalane,2020,programme_births,1822
MOZ_3_0308,Mabalane,2021,programme_births,1790
MOZ_3_0309,Mandlakazi,2017,programme_births,6473
MOZ_3_0309,Mandlakazi,2018,programme_births,6523
MOZ_3_0309,Mandlakazi,2019,programme_births,6451
MOZ_3_0309,Mandlakazi,2020,programme_births,6165
MOZ_3_0309,Mandlakazi,2021,programme_births,6294
MOZ_3_0310,Massangena,2017,programme_births,559
MOZ_3_0310,Massangena,2018,programme_births,851
MOZ_3_0310,Massangena,2019,programme_births,904
MOZ_3_0310,Massangena,2020,programme_births,928
MOZ_3_0310,Massangena,2021,programme_births,948
MOZ_3_0311,Massingir,2017,programme_births,1714
MOZ_3_0311,Massingir,2018,programme_births,1781
MOZ_3_0311,Massingir,2019,programme_births,1793
MOZ_3_0311,Massingir,2020,programme_births,1822
MOZ_3_0311,Massingir,2021,programme_births,1611
MOZ_3_0312,Limpopo,2017,programme_births,5929
MOZ_3_0312,Limpopo,2018,programme_births,6272
MOZ_3_0312,Limpopo,2019,programme_births,6038
MOZ_3_0312,Limpopo,2020,programme_births,5855
MOZ_3_0312,Limpopo,2021,programme_births,4652
MOZ_3_0313,Chongoene,2017,programme_births,5181
MOZ_3_0313,Chongoene,2018,programme_births,5220
MOZ_3_0313,Chongoene,2019,programme_births,5117
MOZ_3_0313,Chongoene,2020,programme_births,4943
MOZ_3_0313,Chongoene,2021,programme_births,5040
MOZ_3_0314,Mapai,2017,programme_births,946
MOZ_3_0314,Mapai,2018,programme_births,1372
MOZ_3_0314,Mapai,2019,programme_births,1353
MOZ_3_0314,Mapai,2020,programme_births,1228
MOZ_3_0314,Mapai,2021,programme_births,1205
MOZ_3_0401,Inhambane,2017,programme_births,3130
MOZ_3_0401,Inhambane,2018,programme_births,3858
MOZ_3_0401,Inhambane,2019,programme_births,3750
MOZ_3_0401,Inhambane,2020,programme_births,3631
MOZ_3_0401,Inhambane,2021,programme_births,4663
MOZ_3_0402,Funhalouro,2017,programme_births,1695
MOZ_3_0402,Funhalouro,2018,programme_births,1787
MOZ_3_0402,Funhalouro,2019,programme_births,1763
MOZ_3_0402,Funhalouro,2020,programme_births,1778
MOZ_3_0402,Funhalouro,2021,programme_births,1668
MOZ_3_0403,Govuro,2017,programme_births,1561
MOZ_3_0403,Govuro,2018,programme_births,1640
MOZ_3_0403,Govuro,2019,programme_births,1725
MOZ_3_0403,Govuro,2020,programme_births,1505
MOZ_3_0403,Govuro,2021,programme_births,1596
MOZ_3_0404,Homoíne,2017,programme_births,4724
MOZ_3_0404,Homoíne,2018,programme_births,4305
MOZ_3_0404,Homoíne,2019,programme_births,3766
MOZ_3_0404,Homoíne,2020,programme_births,4214
MOZ_3_0404,Homoíne,2021,programme_births,3869
MOZ_3_0405,Inharrime,2017,programme_births,4740
MOZ_3_0405,Inharrime,2018,programme_births,5206
MOZ_3_0405,Inharrime,2019,programme_births,5070
MOZ_3_0405,Inharrime,2020,programme_births,5200
MOZ_3_0405,Inharrime,2021,programme_births,4847
MOZ_3_0406,Inhassoro,2017,programme_births,2183
MOZ_3_0406,Inhassoro,2018,programme_births,2403
MOZ_3_0406,Inhassoro,2019,programme_births,2436
MOZ_3_0406,Inhassoro,2020,programme_births,2461
MOZ_3_0406,Inhassoro,2021,programme_births,2396
MOZ_3_0407,Jangamo,2017,programme_births,5042
MOZ_3_0407,Jangamo,2018,programme_births,5207
MOZ_3_0407,Jangamo,2019,programme_births,5122
MOZ_3_0407,Jangamo,2020,programme_births,4832
MOZ_3_0407,Jangamo,2021,programme_births,4777
MOZ_3_0408,Mabote,2017,programme_births,1806
MOZ_3_0408,Mabote,2018,programme_births,2035
MOZ_3_0408,Mabote,2019,programme_births,2116
MOZ_3_0408,Mabote,2020,programme_births,2114
MOZ_3_0408,Mabote,2021,programme_births,2320
MOZ_3_0409,Massinga,2017,programme_births,7245
MOZ_3_0409,Massinga,2018,programme_births,7781
MOZ_3_0409,Massinga,2019,programme_births,7946
MOZ_3_0409,Massinga,2020,programme_births,7975
MOZ_3_0409,Massinga,2021,programme_births,9795
MOZ_3_0410,Maxixe,2017,programme_births,5037
MOZ_3_0410,Maxixe,2018,programme_births,5524
MOZ_3_0410,Maxixe,2019,programme_births,5723
MOZ_3_0410,Maxixe,2020,programme_births,5764
MOZ_3_0410,Maxixe,2021,programme_births,6550
MOZ_3_0411,Morrumbene,2017,programme_births,5217
MOZ_3_0411,Morrumbene,2018,programme_births,5615
MOZ_3_0411,Morrumbene,2019,programme_births,5780
MOZ_3_0411,Morrumbene,2020,programme_births,6006
MOZ_3_0411,Morrumbene,2021,programme_births,5963
MOZ_3_0412,Panda,2017,programme_births,1865
MOZ_3_0412,Panda,2018,programme_births,1945
MOZ_3_0412,Panda,2019,programme_births,1740
MOZ_3_0412,Panda,2020,programme_births,1859
MOZ_3_0412,Panda,2021,programme_births,1968
MOZ_3_0413,Vilankulo,2017,programme_births,6006
MOZ_3_0413,Vilankulo,2018,programme_births,6931
MOZ_3_0413,Vilankulo,2019,programme_births,7421
MOZ_3_0413,Vilankulo,2020,programme_births,6981
MOZ_3_0413,Vilankulo,2021,programme_births,6817
MOZ_3_0414,Zavala,2017,programme_births,6542
MOZ_3_0414,Zavala,2018,programme_births,6793
MOZ_3_0414,Zavala,2019,programme_births,7010
MOZ_3_0414,Zavala,2020,programme_births,7343
MOZ_3_0414,Zavala,2021,programme_births,7534
MOZ_3_0501,Beira,2017,programme_births,19709
MOZ_3_0501,Beira,2018,programme_births,19287
MOZ_3_0501,Beira,2019,programme_births,19050
MOZ_3_0501,Beira,2020,programme_births,19727
MOZ_3_0501,Beira,2021,programme_births,21599
MOZ_3_0502,Búzi,2017,programme_births,8428
MOZ_3_0502,Búzi,2018,programme_births,8236
MOZ_3_0502,Búzi,2019,programme_births,6536
MOZ_3_0502,Búzi,2020,programme_births,7259
MOZ_3_0502,Búzi,2021,programme_births,5894
MOZ_3_0503,Caia,2017,programme_births,7795
MOZ_3_0503,Caia,2018,programme_births,8812
MOZ_3_0503,Caia,2019,programme_births,8719
MOZ_3_0503,Caia,2020,programme_births,8651
MOZ_3_0503,Caia,2021,programme_births,9477
MOZ_3_0504,Chemba,2017,programme_births,3304
MOZ_3_0504,Chemba,2018,programme_births,3525
MOZ_3_0504,Chemba,2019,programme_births,3290
MOZ_3_0504,Chemba,2020,programme_births,3278
MOZ_3_0504,Chemba,2021,programme_births,3446
MOZ_3_0505,Cheringoma,2017,programme_births,2943
MOZ_3_0505,Cheringoma,2018,programme_births,3248
MOZ_3_0505,Cheringoma,2019,programme_births,3259
MOZ_3_0505,Cheringoma,2020,programme_births,3212
MOZ_3_0505,Cheringoma,2021,programme_births,3262
MOZ_3_0506,Chibabava,2017,programme_births,4797
MOZ_3_0506,Chibabava,2018,programme_births,5511
MOZ_3_0506,Chibabava,2019,programme_births,5603
MOZ_3_0506,Chibabava,2020,programme_births,5180
MOZ_3_0506,Chibabava,2021,programme_births,5558
MOZ_3_0507,Dondo,2017,programme_births,6724
MOZ_3_0507,Dondo,2018,programme_births,7013
MOZ_3_0507,Dondo,2019,programme_births,7306
MOZ_3_0507,Dondo,2020,programme_births,7562
MOZ_3_0507,Dondo,2021,programme_births,7747
MOZ_3_0508,Machanga,2017,programme_births,2960
MOZ_3_0508,Machanga,2018,programme_births,2954
MOZ_3_0508,Machanga,2019,programme_births,2997
MOZ_3_0508,Machanga,2020,programme_births,2869
MOZ_3_0508,Machanga,2021,programme_births,2928
MOZ_3_0509,Marromeu,2017,programme_births,5925
MOZ_3_0509,Marromeu,2018,programme_births,6077
MOZ_3_0509,Marromeu,2019,programme_births,6540
MOZ_3_0509,Marromeu,2020,programme_births,6716
MOZ_3_0509,Marromeu,2021,programme_births,6822
MOZ_3_0510,Muanza,2017,programme_births,1364
MOZ_3_0510,Muanza,2018,programme_births,1696
MOZ_3_0510,Muanza,2019,programme_births,1705
MOZ_3_0510,Muanza,2020,programme_births,1806
MOZ_3_0510,Muanza,2021,programme_births,2005
MOZ_3_0511,Nhamatanda,2017,programme_births,12372
MOZ_3_0511,Nhamatanda,2018,programme_births,12583
MOZ_3_0511,Nhamatanda,2019,programme_births,11810
MOZ_3_0511,Nhamatanda,2020,programme_births,12700
MOZ_3_0511,Nhamatanda,2021,programme_births,13427
MOZ_3_0512,Gorongosa,2017,programme_births,7554
MOZ_3_0512,Gorongosa,2018,programme_births,7780
MOZ_3_0512,Gorongosa,2019,programme_births,8301
MOZ_3_0512,Gorongosa,2020,programme_births,8264
MOZ_3_0512,Gorongosa,2021,programme_births,9989
MOZ_3_0513,Maríngué,2017,programme_births,3712
MOZ_3_0513,Maríngué,2018,programme_births,3780
MOZ_3_0513,Maríngué,2019,programme_births,4278
MOZ_3_0513,Maríngué,2020,programme_births,4759
MOZ_3_0513,Maríngué,2021,programme_births,3886
MOZ_3_0601,Chimoio,2017,programme_births,15067
MOZ_3_0601,Chimoio,2018,programme_births,15531
MOZ_3_0601,Chimoio,2019,programme_births,17234
MOZ_3_0601,Chimoio,2020,programme_births,16621
MOZ_3_0601,Chimoio,2021,programme_births,17901
MOZ_3_0602,Báruè,2017,programme_births,8024
MOZ_3_0602,Báruè,2018,programme_births,10355
MOZ_3_0602,Báruè,2019,programme_births,11505
MOZ_3_0602,Báruè,2020,programme_births,12288
MOZ_3_0602,Báruè,2021,programme_births,8560
MOZ_3_0603,Gondola,2017,programme_births,7744
MOZ_3_0603,Gondola,2018,programme_births,8913
MOZ_3_0603,Gondola,2019,programme_births,8286
MOZ_3_0603,Gondola,2020,programme_births,7316
MOZ_3_0603,Gondola,2021,programme_births,8651
MOZ_3_0604,Guro,2017,programme_births,4226
MOZ_3_0604,Guro,2018,programme_births,4831
MOZ_3_0604,Guro,2019,programme_births,5068
MOZ_3_0604,Guro,2020,programme_births,5063
MOZ_3_0604,Guro,2021,programme_births,5179
MOZ_3_0605,Machaze,2017,programme_births,5014
MOZ_3_0605,Machaze,2018,programme_births,6057
MOZ_3_0605,Machaze,2019,programme_births,5637
MOZ_3_0605,Machaze,2020,programme_births,5120
MOZ_3_0605,Machaze,2021,programme_births,5869
MOZ_3_0606,Macossa,2017,programme_births,1986
MOZ_3_0606,Macossa,2018,programme_births,2266
MOZ_3_0606,Macossa,2019,programme_births,2572
MOZ_3_0606,Macossa,2020,programme_births,2728
MOZ_3_0606,Macossa,2021,programme_births,2777
MOZ_3_0607,Manica,2017,programme_births,8059
MOZ_3_0607,Manica,2018,programme_births,9438
MOZ_3_0607,Manica,2019,programme_births,10882
MOZ_3_0607,Manica,2020,programme_births,11194
MOZ_3_0607,Manica,2021,programme_births,11911
MOZ_3_0608,Mossurize,2017,programme_births,9609
MOZ_3_0608,Mossurize,2018,programme_births,12265
MOZ_3_0608,Mossurize,2019,programme_births,12792
MOZ_3_0608,Mossurize,2020,programme_births,11239
MOZ_3_0608,Mossurize,2021,programme_births,10793
MOZ_3_0609,Tambara,2017,programme_births,2261
MOZ_3_0609,Tambara,2018,programme_births,2446
MOZ_3_0609,Tambara,2019,programme_births,2417
MOZ_3_0609,Tambara,2020,programme_births,2285
MOZ_3_0609,Tambara,2021,programme_births,2574
MOZ_3_0610,Macate,2017,programme_births,4527
MOZ_3_0610,Macate,2018,programme_births,4899
MOZ_3_0610,Macate,2019,programme_births,4244
MOZ_3_0610,Macate,2020,programme_births,4240
MOZ_3_0610,Macate,2021,programme_births,4026
MOZ_3_0611,Vanduzi,2017,programme_births,6020
MOZ_3_0611,Vanduzi,2018,programme_births,7408
MOZ_3_0611,Vanduzi,2019,programme_births,7087
MOZ_3_0611,Vanduzi,2020,programme_births,6660
MOZ_3_0611,Vanduzi,2021,programme_births,7175
MOZ_3_0612,Sussendenga,2017,programme_births,7199
MOZ_3_0612,Sussendenga,2018,programme_births,7835
MOZ_3_0612,Sussendenga,2019,programme_births,8192
MOZ_3_0612,Sussendenga,2020,programme_births,8435
MOZ_3_0612,Sussendenga,2021,programme_births,8852
MOZ_3_0701,Tete,2017,programme_births,10779
MOZ_3_0701,Tete,2018,programme_births,12004
MOZ_3_0701,Tete,2019,programme_births,12809
MOZ_3_0701,Tete,2020,programme_births,12495
MOZ_3_0701,Tete,2021,programme_births,16021
MOZ_3_0702,Angónia,2017,programme_births,11406
MOZ_3_0702,Angónia,2018,programme_births,14304
MOZ_3_0702,Angónia,2019,programme_births,13916
MOZ_3_0702,Angónia,2020,programme_births,17466
MOZ_3_0702,Angónia,2021,programme_births,16068
MOZ_3_0703,Cahora Bassa,2017,programme_births,4794
MOZ_3_0703,Cahora Bassa,2018,programme_births,4870
MOZ_3_0703,Cahora Bassa,2019,programme_births,5636
MOZ_3_0703,Cahora Bassa,2020,programme_births,5899
MOZ_3_0703,Cahora Bassa,2021,programme_births,6107
MOZ_3_0704,Changara,2017,programme_births,6312
MOZ_3_0704,Changara,2018,programme_births,5833
MOZ_3_0704,Changara,2019,programme_births,5662
MOZ_3_0704,Changara,2020,programme_births,5396
MOZ_3_0704,Changara,2021,programme_births,5682
MOZ_3_0705,Chifunde,2017,programme_births,6305
MOZ_3_0705,Chifunde,2018,programme_births,7350
MOZ_3_0705,Chifunde,2019,programme_births,6559
MOZ_3_0705,Chifunde,2020,programme_births,8921
MOZ_3_0705,Chifunde,2021,programme_births,7277
MOZ_3_0706,Chiúta,2017,programme_births,3461
MOZ_3_0706,Chiúta,2018,programme_births,3651
MOZ_3_0706,Chiúta,2019,programme_births,3850
MOZ_3_0706,Chiúta,2020,programme_births,4276
MOZ_3_0706,Chiúta,2021,programme_births,4460
MOZ_3_0707,Macanga,2017,programme_births,7735
MOZ_3_0707,Macanga,2018,programme_births,9501
MOZ_3_0707,Macanga,2019,programme_births,9768
MOZ_3_0707,Macanga,2020,programme_births,9209
MOZ_3_0707,Macanga,2021,programme_births,6788
MOZ_3_0708,Mágoè,2017,programme_births,2509
MOZ_3_0708,Mágoè,2018,programme_births,2976
MOZ_3_0708,Mágoè,2019,programme_births,3205
MOZ_3_0708,Mágoè,2020,programme_births,3870
MOZ_3_0708,Mágoè,2021,programme_births,2552
MOZ_3_0709,Marávia,2017,programme_births,3343
MOZ_3_0709,Marávia,2018,programme_births,4037
MOZ_3_0709,Marávia,2019,programme_births,4605
MOZ_3_0709,Marávia,2020,programme_births,5492
MOZ_3_0709,Marávia,2021,programme_births,4161
MOZ_3_0710,Moatize,2017,programme_births,13406
MOZ_3_0710,Moatize,2018,programme_births,14247
MOZ_3_0710,Moatize,2019,programme_births,14376
MOZ_3_0710,Moatize,2020,programme_births,14687
MOZ_3_0710,Moatize,2021,programme_births,13843
MOZ_3_0711,Mutarara,2017,programme_births,7503
MOZ_3_0711,Mutarara,2018,programme_births,7498
MOZ_3_0711,Mutarara,2019,programme_births,9371
MOZ_3_0711,Mutarara,2020,programme_births,8787
MOZ_3_0711,Mutarara,2021,programme_births,8483
MOZ_3_0712,Tsangano,2017,programme_births,6173
MOZ_3_0712,Tsangano,2018,programme_births,7696
MOZ_3_0712,Tsangano,2019,programme_births,8766
MOZ_3_0712,Tsangano,2020,programme_births,9609
MOZ_3_0712,Tsangano,2021,programme_births,9883
MOZ_3_0713,Zumbu,2017,programme_births,3110
MOZ_3_0713,Zumbu,2018,programme_births,3135
MOZ_3_0713,Zumbu,2019,programme_births,3391
MOZ_3_0713,Zumbu,2020,programme_births,3491
MOZ_3_0713,Zumbu,2021,programme_births,3612
MOZ_3_0714,Dôa,2017,programme_births,4110
MOZ_3_0714,Dôa,2018,programme_births,3849
MOZ_3_0714,Dôa,2019,programme_births,5242
MOZ_3_0714,Dôa,2020,programme_births,4762
MOZ_3_0714,Dôa,2021,programme_births,4193
MOZ_3_0715,Marara,2017,programme_births,2178
MOZ_3_0715,Marara,2018,programme_births,3187
MOZ_3_0715,Marara,2019,programme_births,3416
MOZ_3_0715,Marara,2020,programme_births,3171
MOZ_3_0715,Marara,2021,programme_births,3231
MOZ_3_0801,Quelimane,2017,programme_births,14374
MOZ_3_0801,Quelimane,2018,programme_births,16211
MOZ_3_0801,Quelimane,2019,programme_births,16359
MOZ_3_0801,Quelimane,2020,programme_births,16121
MOZ_3_0801,Quelimane,2021,programme_births,16831
MOZ_3_0802,Alto Molócuè,2017,programme_births,14747
MOZ_3_0802,Alto Molócuè,2018,programme_births,15446
MOZ_3_0802,Alto Molócuè,2019,programme_births,15825
MOZ_3_0802,Alto Molócuè,2020,programme_births,17152
MOZ_3_0802,Alto Molócuè,2021,programme_births,14117
MOZ_3_0803,Chinde,2017,programme_births,2891
MOZ_3_0803,Chinde,2018,programme_births,3556
MOZ_3_0803,Chinde,2019,programme_births,3086
MOZ_3_0803,Chinde,2020,programme_births,3003
MOZ_3_0803,Chinde,2021,programme_births,3830
MOZ_3_0804,Gilé,2017,programme_births,7499
MOZ_3_0804,Gilé,2018,programme_births,7576
MOZ_3_0804,Gilé,2019,programme_births,7768
MOZ_3_0804,Gilé,2020,programme_births,8028
MOZ_3_0804,Gilé,2021,programme_births,7071
MOZ_3_0805,Guruè,2017,programme_births,13283
MOZ_3_0805,Guruè,2018,programme_births,16019
MOZ_3_0805,Guruè,2019,programme_births,14515
MOZ_3_0805,Guruè,2020,programme_births,18880
MOZ_3_0805,Guruè,2021,programme_births,15440
MOZ_3_0806,Ile,2017,programme_births,9571
MOZ_3_0806,Ile,2018,programme_births,10569
MOZ_3_0806,Ile,2019,programme_births,10990
MOZ_3_0806,Ile,2020,programme_births,10892
MOZ_3_0806,Ile,2021,programme_births,10787
MOZ_3_0807,Inhassunge,2017,programme_births,3792
MOZ_3_0807,Inhassunge,2018,programme_births,4211
MOZ_3_0807,Inhassunge,2019,programme_births,4334
MOZ_3_0807,Inhassunge,2020,programme_births,4360
MOZ_3_0807,Inhassunge,2021,programme_births,4509
MOZ_3_0808,Lugela,2017,programme_births,4837
MOZ_3_0808,Lugela,2018,programme_births,4941
MOZ_3_0808,Lugela,2019,programme_births,4809
MOZ_3_0808,Lugela,2020,programme_births,5720
MOZ_3_0808,Lugela,2021,programme_births,6780
MOZ_3_0809,Maganja da Costa,2017,programme_births,6519
MOZ_3_0809,Maganja da Costa,2018,programme_births,6934
MOZ_3_0809,Maganja da Costa,2019,programme_births,6425
MOZ_3_0809,Maganja da Costa,2020,programme_births,5216
MOZ_3_0809,Maganja da Costa,2021,programme_births,7411
MOZ_3_0810,Milange,2017,programme_births,22937
MOZ_3_0810,Milange,2018,programme_births,23120
MOZ_3_0810,Milange,2019,programme_births,22086
MOZ_3_0810,Milange,2020,programme_births,28290
MOZ_3_0810,Milange,2021,programme_births,27934
MOZ_3_0811,Mocuba,2017,programme_births,14759
MOZ_3_0811,Mocuba,2018,programme_births,16646
MOZ_3_0811,Mocuba,2019,programme_births,16760
MOZ_3_0811,Mocuba,2020,programme_births,16960
MOZ_3_0811,Mocuba,2021,programme_births,18011
MOZ_3_0812,Mopeia,2017,programme_births,6946
MOZ_3_0812,Mopeia,2018,programme_births,7464
MOZ_3_0812,Mopeia,2019,programme_births,7412
MOZ_3_0812,Mopeia,2020,programme_births,7114
MOZ_3_0812,Mopeia,2021,programme_births,8039
MOZ_3_0813,Morrumbala,2017,programme_births,11945
MOZ_3_0813,Morrumbala,2018,programme_births,13381
MOZ_3_0813,Morrumbala,2019,programme_births,14564
MOZ_3_0813,Morrumbala,2020,programme_births,14809
MOZ_3_0813,Morrumbala,2021,programme_births,17588
MOZ_3_0814,Namacurra,2017,programme_births,8726
MOZ_3_0814,Namacurra,2018,programme_births,10985
MOZ_3_0814,Namacurra,2019,programme_births,11933
MOZ_3_0814,Namacurra,2020,programme_births,10650
MOZ_3_0814,Namacurra,2021,programme_births,12042
MOZ_3_0815,Namarói,2017,programme_births,4389
MOZ_3_0815,Namarói,2018,programme_births,4874
MOZ_3_0815,Namarói,2019,programme_births,5805
MOZ_3_0815,Namarói,2020,programme_births,5735
MOZ_3_0815,Namarói,2021,programme_births,5972
MOZ_3_0816,Nicoadala,2017,programme_births,5289
MOZ_3_0816,Nicoadala,2018,programme_births,5837
MOZ_3_0816,Nicoadala,2019,programme_births,5902
MOZ_3_0816,Nicoadala,2020,programme_births,6057
MOZ_3_0816,Nicoadala,2021,programme_births,6425
MOZ_3_0817,Pebane,2017,programme_births,7744
MOZ_3_0817,Pebane,2018,programme_births,9231
MOZ_3_0817,Pebane,2019,programme_births,10047
MOZ_3_0817,Pebane,2020,programme_births,10012
MOZ_3_0817,Pebane,2021,programme_births,10604
MOZ_3_0818,Derre,2017,programme_births,2302
MOZ_3_0818,Derre,2018,programme_births,2701
MOZ_3_0818,Derre,2019,programme_births,2718
MOZ_3_0818,Derre,2020,programme_births,3169
MOZ_3_0818,Derre,2021,programme_births,4483
MOZ_3_0819,Luabo,2017,programme_births,1722
MOZ_3_0819,Luabo,2018,programme_births,1608
MOZ_3_0819,Luabo,2019,programme_births,1779
MOZ_3_0819,Luabo,2020,programme_births,1864
MOZ_3_0819,Luabo,2021,programme_births,1919
MOZ_3_0820,Mocubela,2017,programme_births,4938
MOZ_3_0820,Mocubela,2018,programme_births,4669
MOZ_3_0820,Mocubela,2019,programme_births,4773
MOZ_3_0820,Mocubela,2020,programme_births,5490
MOZ_3_0820,Mocubela,2021,programme_births,6654
MOZ_3_0821,Molumbo,2017,programme_births,5369
MOZ_3_0821,Molumbo,2018,programme_births,5080
MOZ_3_0821,Molumbo,2019,programme_births,5100
MOZ_3_0821,Molumbo,2020,programme_births,10793
MOZ_3_0821,Molumbo,2021,programme_births,17308
MOZ_3_0822,Mulevala,2017,programme_births,3525
MOZ_3_0822,Mulevala,2018,programme_births,3723
MOZ_3_0822,Mulevala,2019,programme_births,3804
MOZ_3_0822,Mulevala,2020,programme_births,4902
MOZ_3_0822,Mulevala,2021,programme_births,5743
MOZ_3_0901,Nampula,2017,programme_births,32579
MOZ_3_0901,Nampula,2018,programme_births,31076
MOZ_3_0901,Nampula,2019,programme_births,30500
MOZ_3_0901,Nampula,2020,programme_births,29713
MOZ_3_0901,Nampula,2021,programme_births,31485
MOZ_3_0902,Angoche,2017,programme_births,13329
MOZ_3_0902,Angoche,2018,programme_births,12957
MOZ_3_0902,Angoche,2019,programme_births,13024
MOZ_3_0902,Angoche,2020,programme_births,12360
MOZ_3_0902,Angoche,2021,programme_births,11488
MOZ_3_0903,Eráti,2017,programme_births,12731
MOZ_3_0903,Eráti,2018,programme_births,13066
MOZ_3_0903,Eráti,2019,programme_births,12581
MOZ_3_0903,Eráti,2020,programme_births,12889
MOZ_3_0903,Eráti,2021,programme_births,15910
MOZ_3_0904,Ilha de Moçambique,2017,programme_births,3593
MOZ_3_0904,Ilha de Moçambique,2018,programme_births,3719
MOZ_3_0904,Ilha de Moçambique,2019,programme_births,3327
MOZ_3_0904,Ilha de Moçambique,2020,programme_births,3552
MOZ_3_0904,Ilha de Moçambique,2021,programme_births,2877
MOZ_3_0905,Lalaua,2017,programme_births,3430
MOZ_3_0905,Lalaua,2018,programme_births,3575
MOZ_3_0905,Lalaua,2019,programme_births,3882
MOZ_3_0905,Lalaua,2020,programme_births,3859
MOZ_3_0905,Lalaua,2021,programme_births,4752
MOZ_3_0906,Malema,2017,programme_births,8759
MOZ_3_0906,Malema,2018,programme_births,9112
MOZ_3_0906,Malema,2019,programme_births,9693
MOZ_3_0906,Malema,2020,programme_births,9571
MOZ_3_0906,Malema,2021,programme_births,11175
MOZ_3_0907,Meconta,2017,programme_births,8470
MOZ_3_0907,Meconta,2018,programme_births,8847
MOZ_3_0907,Meconta,2019,programme_births,9001
MOZ_3_0907,Meconta,2020,programme_births,10746
MOZ_3_0907,Meconta,2021,programme_births,12027
MOZ_3_0908,Mecubúri,2017,programme_births,8890
MOZ_3_0908,Mecubúri,2018,programme_births,9437
MOZ_3_0908,Mecubúri,2019,programme_births,9076
MOZ_3_0908,Mecubúri,2020,programme_births,9556
MOZ_3_0908,Mecubúri,2021,programme_births,9705
MOZ_3_0909,Memba,2017,programme_births,8773
MOZ_3_0909,Memba,2018,programme_births,8847
MOZ_3_0909,Memba,2019,programme_births,10397
MOZ_3_0909,Memba,2020,programme_births,10751
MOZ_3_0909,Memba,2021,programme_births,14514
MOZ_3_0910,Mogincual,2017,programme_births,4319
MOZ_3_0910,Mogincual,2018,programme_births,6220
MOZ_3_0910,Mogincual,2019,programme_births,4888
MOZ_3_0910,Mogincual,2020,programme_births,5357
MOZ_3_0910,Mogincual,2021,programme_births,5747
MOZ_3_0911,Mogovolas,2017,programme_births,17306
MOZ_3_0911,Mogovolas,2018,programme_births,18683
MOZ_3_0911,Mogovolas,2019,programme_births,19970
MOZ_3_0911,Mogovolas,2020,programme_births,20348
MOZ_3_0911,Mogovolas,2021,programme_births,19225
MOZ_3_0912,Moma,2017,programme_births,13831
MOZ_3_0912,Moma,2018,programme_births,13846
MOZ_3_0912,Moma,2019,programme_births,12742
MOZ_3_0912,Moma,2020,programme_births,10292
MOZ_3_0912,Moma,2021,programme_births,12808
MOZ_3_0913,Monapo,2017,programme_births,16824
MOZ_3_0913,Monapo,2018,programme_births,18776
MOZ_3_0913,Monapo,2019,programme_births,18692
MOZ_3_0913,Monapo,2020,programme_births,18192
MOZ_3_0913,Monapo,2021,programme_births,19749
MOZ_3_0914,Mossuril,2017,programme_births,5861
MOZ_3_0914,Mossuril,2018,programme_births,5583
MOZ_3_0914,Mossuril,2019,programme_births,6951
MOZ_3_0914,Mossuril,2020,programme_births,7978
MOZ_3_0914,Mossuril,2021,programme_births,8434
MOZ_3_0915,Muecate,2017,programme_births,5942
MOZ_3_0915,Muecate,2018,programme_births,6575
MOZ_3_0915,Muecate,2019,programme_births,6265
MOZ_3_0915,Muecate,2020,programme_births,6122
MOZ_3_0915,Muecate,2021,programme_births,6897
MOZ_3_0916,Morrupula,2017,programme_births,5752
MOZ_3_0916,Morrupula,2018,programme_births,5428
MOZ_3_0916,Morrupula,2019,programme_births,6740
MOZ_3_0916,Morrupula,2020,programme_births,8429
MOZ_3_0916,Morrupula,2021,programme_births,11089
MOZ_3_0917,Nacala,2017,programme_births,14428
MOZ_3_0917,Nacala,2018,programme_births,14030
MOZ_3_0917,Nacala,2019,programme_births,14106
MOZ_3_0917,Nacala,2020,programme_births,12958
MOZ_3_0917,Nacala,2021,programme_births,13988
MOZ_3_0918,Nacala-a-Velha,2017,programme_births,5426
MOZ_3_0918,Nacala-a-Velha,2018,programme_births,5756
MOZ_3_0918,Nacala-a-Velha,2019,programme_births,5597
MOZ_3_0918,Nacala-a-Velha,2020,programme_births,6016
MOZ_3_0918,Nacala-a-Velha,2021,programme_births,5616
MOZ_3_0919,Nacarôa,2017,programme_births,7160
MOZ_3_0919,Nacarôa,2018,programme_births,6678
MOZ_3_0919,Nacarôa,2019,programme_births,7137
MOZ_3_0919,Nacarôa,2020,programme_births,6503
MOZ_3_0919,Nacarôa,2021,programme_births,6915
MOZ_3_0920,Rapale,2017,programme_births,7502
MOZ_3_0920,Rapale,2018,programme_births,8204
MOZ_3_0920,Rapale,2019,programme_births,9223
MOZ_3_0920,Rapale,2020,programme_births,9017
MOZ_3_0920,Rapale,2021,programme_births,9174
MOZ_3_0921,Ribáuè,2017,programme_births,10763
MOZ_3_0921,Ribáuè,2018,programme_births,11424
MOZ_3_0921,Ribáuè,2019,programme_births,13157
MOZ_3_0921,Ribáuè,2020,programme_births,13408
MOZ_3_0921,Ribáuè,2021,programme_births,13350
MOZ_3_0922,Larde,2017,programme_births,3613
MOZ_3_0922,Larde,2018,programme_births,4011
MOZ_3_0922,Larde,2019,programme_births,3428
MOZ_3_0922,Larde,2020,programme_births,3492
MOZ_3_0922,Larde,2021,programme_births,4241
MOZ_3_0923,Liúpo,2017,programme_births,3436
MOZ_3_0923,Liúpo,2018,programme_births,4403
MOZ_3_0923,Liúpo,2019,programme_births,4756
MOZ_3_0923,Liúpo,2020,programme_births,4493
MOZ_3_0923,Liúpo,2021,programme_births,4606
MOZ_3_1001,Pemba,2017,programme_births,8762
MOZ_3_1001,Pemba,2018,programme_births,8144
MOZ_3_1001,Pemba,2019,programme_births,8948
MOZ_3_1001,Pemba,2020,programme_births,10396
MOZ_3_1001,Pemba,2021,programme_births,12887
MOZ_3_1002,Ancuabe,2017,programme_births,7514
MOZ_3_1002,Ancuabe,2018,programme_births,8898
MOZ_3_1002,Ancuabe,2019,programme_births,8437
MOZ_3_1002,Ancuabe,2020,programme_births,9407
MOZ_3_1002,Ancuabe,2021,programme_births,9659
MOZ_3_1003,Balama,2017,programme_births,5541
MOZ_3_1003,Balama,2018,programme_births,6749
MOZ_3_1003,Balama,2019,programme_births,6725
MOZ_3_1003,Balama,2020,programme_births,7571
MOZ_3_1003,Balama,2021,programme_births,8451
MOZ_3_1004,Chiúre,2017,programme_births,11001
MOZ_3_1004,Chiúre,2018,programme_births,12275
MOZ_3_1004,Chiúre,2019,programme_births,12716
MOZ_3_1004,Chiúre,2020,programme_births,15163
MOZ_3_1004,Chiúre,2021,programme_births,13022
MOZ_3_1005,Ibo,2017,programme_births,413
MOZ_3_1005,Ibo,2018,programme_births,561
MOZ_3_1005,Ibo,2019,programme_births,651
MOZ_3_1005,Ibo,2020,programme_births,775
MOZ_3_1005,Ibo,2021,programme_births,935
MOZ_3_1006,Macomia,2017,programme_births,3814
MOZ_3_1006,Macomia,2018,programme_births,3384
MOZ_3_1006,Macomia,2019,programme_births,2873
MOZ_3_1006,Macomia,2020,programme_births,806
MOZ_3_1006,Macomia,2021,programme_births,0
MOZ_3_1007,Mecufi,2017,programme_births,2366
MOZ_3_1007,Mecufi,2018,programme_births,2613
MOZ_3_1007,Mecufi,2019,programme_births,2465
MOZ_3_1007,Mecufi,2020,programme_births,2465
MOZ_3_1007,Mecufi,2021,programme_births,2546
MOZ_3_1008,Meluco,2017,programme_births,1272
MOZ_3_1008,Meluco,2018,programme_births,1307
MOZ_3_1008,Meluco,2019,programme_births,1196
MOZ_3_1008,Meluco,2020,programme_births,908
MOZ_3_1008,Meluco,2021,programme_births,1241
MOZ_3_1009,Mocímboa da Praia,2017,programme_births,4549
MOZ_3_1009,Mocímboa da Praia,2018,programme_births,4712
MOZ_3_1009,Mocímboa da Praia,2019,programme_births,4741
MOZ_3_1009,Mocímboa da Praia,2020,programme_births,689
MOZ_3_1009,Mocímboa da Praia,2021,programme_births,0
MOZ_3_1010,Montepuez,2017,programme_births,7527
MOZ_3_1010,Montepuez,2018,programme_births,9512
MOZ_3_1010,Montepuez,2019,programme_births,10511
MOZ_3_1010,Montepuez,2020,programme_births,12947
MOZ_3_1010,Montepuez,2021,programme_births,15418
MOZ_3_1011,Mueda,2017,programme_births,4425
MOZ_3_1011,Mueda,2018,programme_births,4942
MOZ_3_1011,Mueda,2019,programme_births,4929
MOZ_3_1011,Mueda,2020,programme_births,4369
MOZ_3_1011,Mueda,2021,programme_births,4795
MOZ_3_1012,Muidumbe,2017,programme_births,2383
MOZ_3_1012,Muidumbe,2018,programme_births,2536
MOZ_3_1012,Muidumbe,2019,programme_births,2714
MOZ_3_1012,Muidumbe,2020,programme_births,600
MOZ_3_1012,Muidumbe,2021,programme_births,2
MOZ_3_1013,Namuno,2017,programme_births,7962
MOZ_3_1013,Namuno,2018,programme_births,10413
MOZ_3_1013,Namuno,2019,programme_births,10630
MOZ_3_1013,Namuno,2020,programme_births,11807
MOZ_3_1013,Namuno,2021,programme_births,13628
MOZ_3_1014,Nangade,2017,programme_births,2439
MOZ_3_1014,Nangade,2018,programme_births,3371
MOZ_3_1014,Nangade,2019,programme_births,3379
MOZ_3_1014,Nangade,2020,programme_births,4543
MOZ_3_1014,Nangade,2021,programme_births,4200
MOZ_3_1015,Palma,2017,programme_births,2354
MOZ_3_1015,Palma,2018,programme_births,2228
MOZ_3_1015,Palma,2019,programme_births,1874
MOZ_3_1015,Palma,2020,programme_births,2056
MOZ_3_1015,Palma,2021,programme_births,392
MOZ_3_1016,Metuge,2017,programme_births,2628
MOZ_3_1016,Metuge,2018,programme_births,3145
MOZ_3_1016,Metuge,2019,programme_births,3356
MOZ_3_1016,Metuge,2020,programme_births,3759
MOZ_3_1016,Metuge,2021,programme_births,4323
MOZ_3_1017,Quissanga,2017,programme_births,1521
MOZ_3_1017,Quissanga,2018,programme_births,1576
MOZ_3_1017,Quissanga,2019,programme_births,1459
MOZ_3_1017,Quissanga,2020,programme_births,114
MOZ_3_1017,Quissanga,2021,programme_births,0
MOZ_3_1101,Lichinga,2017,programme_births,12426
MOZ_3_1101,Lichinga,2018,programme_births,14311
MOZ_3_1101,Lichinga,2019,programme_births,15736
MOZ_3_1101,Lichinga,2020,programme_births,15972
MOZ_3_1101,Lichinga,2021,programme_births,16528
MOZ_3_1102,Cuamba,2017,programme_births,11961
MOZ_3_1102,Cuamba,2018,programme_births,13435
MOZ_3_1102,Cuamba,2019,programme_births,14169
MOZ_3_1102,Cuamba,2020,programme_births,15183
MOZ_3_1102,Cuamba,2021,programme_births,17578
MOZ_3_1103,Lago,2017,programme_births,4682
MOZ_3_1103,Lago,2018,programme_births,5303
MOZ_3_1103,Lago,2019,programme_births,5841
MOZ_3_1103,Lago,2020,programme_births,5813
MOZ_3_1103,Lago,2021,programme_births,6160
MOZ_3_1104,Chimbunila,2017,programme_births,3963
MOZ_3_1104,Chimbunila,2018,programme_births,4588
MOZ_3_1104,Chimbunila,2019,programme_births,4675
MOZ_3_1104,Chimbunila,2020,programme_births,4824
MOZ_3_1104,Chimbunila,2021,programme_births,4936
MOZ_3_1105,Majune,2017,programme_births,1811
MOZ_3_1105,Majune,2018,programme_births,1914
MOZ_3_1105,Majune,2019,programme_births,1896
MOZ_3_1105,Majune,2020,programme_births,2115
MOZ_3_1105,Majune,2021,programme_births,2169
MOZ_3_1106,Mandimba,2017,programme_births,8569
MOZ_3_1106,Mandimba,2018,programme_births,9717
MOZ_3_1106,Mandimba,2019,programme_births,10152
MOZ_3_1106,Mandimba,2020,programme_births,9589
MOZ_3_1106,Mandimba,2021,programme_births,10291
MOZ_3_1107,Marrupa,2017,programme_births,2210
MOZ_3_1107,Marrupa,2018,programme_births,3132
MOZ_3_1107,Marrupa,2019,programme_births,3175
MOZ_3_1107,Marrupa,2020,programme_births,3136
MOZ_3_1107,Marrupa,2021,programme_births,3560
MOZ_3_1108,Maúa,2017,programme_births,3123
MOZ_3_1108,Maúa,2018,programme_births,3491
MOZ_3_1108,Maúa,2019,programme_births,3538
MOZ_3_1108,Maúa,2020,programme_births,3693
MOZ_3_1108,Maúa,2021,programme_births,2999
MOZ_3_1109,Mavago,2017,programme_births,1431
MOZ_3_1109,Mavago,2018,programme_births,1620
MOZ_3_1109,Mavago,2019,programme_births,1835
MOZ_3_1109,Mavago,2020,programme_births,1690
MOZ_3_1109,Mavago,2021,programme_births,1743
MOZ_3_1110,Mecanhelas,2017,programme_births,11173
MOZ_3_1110,Mecanhelas,2018,programme_births,12912
MOZ_3_1110,Mecanhelas,2019,programme_births,12935
MOZ_3_1110,Mecanhelas,2020,programme_births,12890
MOZ_3_1110,Mecanhelas,2021,programme_births,13352
MOZ_3_1111,Mecula,2017,programme_births,798
MOZ_3_1111,Mecula,2018,programme_births,907
MOZ_3_1111,Mecula,2019,programme_births,1000
MOZ_3_1111,Mecula,2020,programme_births,1075
MOZ_3_1111,Mecula,2021,programme_births,1127
MOZ_3_1112,Metarica,2017,programme_births,2598
MOZ_3_1112,Metarica,2018,programme_births,2928
MOZ_3_1112,Metarica,2019,programme_births,2974
MOZ_3_1112,Metarica,2020,programme_births,2529
MOZ_3_1112,Metarica,2021,programme_births,2554
MOZ_3_1113,Muembe,2017,programme_births,1625
MOZ_3_1113,Muembe,2018,programme_births,1934
MOZ_3_1113,Muembe,2019,programme_births,2101
MOZ_3_1113,Muembe,2020,programme_births,2034
MOZ_3_1113,Muembe,2021,programme_births,2197
MOZ_3_1114,Ngaúma,2017,programme_births,4233
MOZ_3_1114,Ngaúma,2018,programme_births,4581
MOZ_3_1114,Ngaúma,2019,programme_births,5624
MOZ_3_1114,Ngaúma,2020,programme_births,6047
MOZ_3_1114,Ngaúma,2021,programme_births,4328
MOZ_3_1115,Nipepe,2017,programme_births,1762
MOZ_3_1115,Nipepe,2018,programme_births,1640
MOZ_3_1115,Nipepe,2019,programme_births,1819
MOZ_3_1115,Nipepe,2020,programme_births,1953
MOZ_3_1115,Nipepe,2021,programme_births,2176
MOZ_3_1116,Sanga,2017,programme_births,3840
MOZ_3_1116,Sanga,2018,programme_births,4109
MOZ_3_1116,Sanga,2019,programme_births,4308
MOZ_3_1116,Sanga,2020,programme_births,4501
MOZ_3_1116,Sanga,2021,programme_births,5136
MOZ_3_1201,Matola,2017,programme_births,17517
MOZ_3_1201,Matola,2018,programme_births,17861
MOZ_3_1201,Matola,2019,programme_births,19189
MOZ_3_1201,Matola,2020,programme_births,21242
MOZ_3_1201,Matola,2021,programme_births,21383
MOZ_3_1202,Boane,2017,programme_births,3510
MOZ_3_1202,Boane,2018,programme_births,3820
MOZ_3_1202,Boane,2019,programme_births,3488
MOZ_3_1202,Boane,2020,programme_births,3950
MOZ_3_1202,Boane,2021,programme_births,4228
MOZ_3_1203,Magude,2017,programme_births,1517
MOZ_3_1203,Magude,2018,programme_births,1717
MOZ_3_1203,Magude,2019,programme_births,1989
MOZ_3_1203,Magude,2020,programme_births,1849
MOZ_3_1203,Magude,2021,programme_births,2554
MOZ_3_1204,Manhiça,2017,programme_births,9306
MOZ_3_1204,Manhiça,2018,programme_births,11516
MOZ_3_1204,Manhiça,2019,programme_births,11489
MOZ_3_1204,Manhiça,2020,programme_births,12514
MOZ_3_1204,Manhiça,2021,programme_births,8532
MOZ_3_1205,Marracuene,2017,programme_births,4211
MOZ_3_1205,Marracuene,2018,programme_births,4356
MOZ_3_1205,Marracuene,2019,programme_births,4313
MOZ_3_1205,Marracuene,2020,programme_births,4330
MOZ_3_1205,Marracuene,2021,programme_births,5999
MOZ_3_1206,Matutuíne,2017,programme_births,825
MOZ_3_1206,Matutuíne,2018,programme_births,787
MOZ_3_1206,Matutuíne,2019,programme_births,762
MOZ_3_1206,Matutuíne,2020,programme_births,855
MOZ_3_1206,Matutuíne,2021,programme_births,653
MOZ_3_1207,Moamba,2017,programme_births,2267
MOZ_3_1207,Moamba,2018,programme_births,2493
MOZ_3_1207,Moamba,2019,programme_births,2585
MOZ_3_1207,Moamba,2020,programme_births,2827
MOZ_3_1207,Moamba,2021,programme_births,3386
MOZ_3_1208,Namaacha,2017,programme_births,1157
MOZ_3_1208,Namaacha,2018,programme_births,1167
MOZ_3_1208,Namaacha,2019,programme_births,1319
MOZ_3_1208,Namaacha,2020,programme_births,1422
MOZ_3_1208,Namaacha,2021,programme_births,1614
MOZ_3_1209,KaMpfumu,2017,programme_births,7880
MOZ_3_1209,KaMpfumu,2018,programme_births,7368
MOZ_3_1209,KaMpfumu,2019,programme_births,8590
MOZ_3_1209,KaMpfumu,2020,programme_births,8407
MOZ_3_1209,KaMpfumu,2021,programme_births,7968
MOZ_3_1210,Nhlamankulu,2017,programme_births,10912
MOZ_3_1210,Nhlamankulu,2018,programme_births,11306
MOZ_3_1210,Nhlamankulu,2019,programme_births,11509
MOZ_3_1210,Nhlamankulu,2020,programme_births,12119
MOZ_3_1210,Nhlamankulu,2021,programme_births,12878
MOZ_3_1211,KaMaxakeni,2017,programme_births,3449
MOZ_3_1211,KaMaxakeni,2018,programme_births,3189
MOZ_3_1211,KaMaxakeni,2019,programme_births,2964
MOZ_3_1211,KaMaxakeni,2020,programme_births,2432
MOZ_3_1211,KaMaxakeni,2021,programme_births,2047
MOZ_3_1212,KaMavota,2017,programme_births,9336
MOZ_3_1212,KaMavota,2018,programme_births,9831
MOZ_3_1212,KaMavota,2019,programme_births,8937
MOZ_3_1212,KaMavota,2020,programme_births,9762
MOZ_3_1212,KaMavota,2021,programme_births,10005
MOZ_3_1213,KaMubukwana,2017,programme_births,4010
MOZ_3_1213,KaMubukwana,2018,programme_births,3991
MOZ_3_1213,KaMubukwana,2019,programme_births,3708
MOZ_3_1213,KaMubukwana,2020,programme_births,3220
MOZ_3_1213,KaMubukwana,2021,programme_births,2946
MOZ_3_1214,KaTembe,2017,programme_births,487
MOZ_3_1214,KaTembe,2018,programme_births,501
MOZ_3_1214,KaTembe,2019,programme_births,519
MOZ_3_1214,KaTembe,2020,programme_births,406
MOZ_3_1214,KaTembe,2021,programme_births,394
MOZ_3_1215,KaNyaka,2017,programme_births,134
MOZ_3_1215,KaNyaka,2018,programme_births,122
MOZ_3_1215,KaNyaka,2019,programme_births,104
MOZ_3_1215,KaNyaka,2020,programme_births,105
MOZ_3_1215,KaNyaka,2021,programme_births,90
